Order,Title,Charge,Precursor_Mass,Peptide,Peptide_Type,Linker,Peptide_Mass,Modifications,Evalue,Score,Precursor_Mass_Error(Da),Precursor_Mass_Error(ppm),Proteins,Protein_Type,FileID,LabelID,Alpha_Matched,Beta_Matched,Alpha_Evalue,Beta_Evalue
1,Q_2013_1010_RJ_07.25343.25343.4,4,1879.21,TGILLKVVR(6)-KDVLLR(1),Cross-Linked,BS3,1879.21,null,3.380925e-012,1.375312e-008,0.002166,1.152612,Spc97-yeast(355)-Spc97-yeast(328)/,Intra-Protein,1,1,65.5,27.5,4.367580e-009,1.759724e-013
2,Q_2013_1010_RJ_07.25348.25348.4,4,2.493255e+003,DCDSEEDKNLLFK(8)-KDVLLR(1),Cross-Linked,BS3,2.493254e+003,Carbamidomethyl[C](2),9.446456e-016,2.818996e-008,0.001003,0.402286,Spc97-yeast(341)-Spc97-yeast(328)/,Intra-Protein,1,1,77.0,36.0,1.648248e-020,2.399823e-015
3,Q_2013_1010_RJ_07.25408.25408.4,4,2.493257e+003,DCDSEEDKNLLFK(8)-KDVLLR(1),Cross-Linked,BS3,2.493254e+003,Carbamidomethyl[C](2),2.658375e-017,7.357209e-008,0.002883,1.156320,Spc97-yeast(341)-Spc97-yeast(328)/,Intra-Protein,1,1,90.0,46.0,9.922084e-020,1.600228e-017
4,Q_2013_1010_RJ_07.21433.21433.4,4,1.941037e+003,LKSFSLEK(2)-KMDPSFK(1),Cross-Linked,BS3,1.941040e+003,null,1.665936e-010,1.132479e-006,-0.003497,-1.801611,Spc97-yeast(39)-Spc97-yeast(97)/,Intra-Protein,1,1,38.5,44.5,1.041157e-010,1.184074e-012
5,Q_2013_1010_RJ_07.25361.25361.3,3,2.493255e+003,DCDSEEDKNLLFK(8)-KDVLLR(1),Cross-Linked,BS3,2.493254e+003,Carbamidomethyl[C](2),1.265569e-009,3.542055e-006,0.000960,0.385039,Spc97-yeast(341)-Spc97-yeast(328)/,Intra-Protein,1,1,67.0,27.0,2.048538e-018,6.868402e-010
6,Q_2013_1010_RJ_07.25422.25422.3,3,2.493257e+003,DCDSEEDKNLLFK(8)-KDVLLR(1),Cross-Linked,BS3,2.493254e+003,Carbamidomethyl[C](2),1.185354e-009,3.955498e-006,0.002638,1.058055,Spc97-yeast(341)-Spc97-yeast(328)/,Intra-Protein,1,1,64.0,29.0,5.011425e-017,4.679040e-010
7,Q_2013_1010_RJ_07.17522.17522.3,3,1.875025e+003,AMTKLQQR(4)-NKFTPR(2),Cross-Linked,BS3,1.875027e+003,null,5.923174e-008,5.620974e-006,-0.001376,-0.733856,His-TEV-Tub4-yeast(370)-His-TEV-Tub4-yeast(94)/His-TEV-Tub4-yeast(370)-His-TEV-Tub4-yeast-random(95)/His-TEV-Tub4-yeast-random(371)-His-TEV-Tub4-yeast(94)/His-TEV-Tub4-yeast-random(371)-His-TEV-Tub4-yeast-random(95)/,Intra-Protein,1,1,44.5,28.5,2.711788e-008,3.217682e-008
8,Q_2013_1010_RJ_07.26504.26504.4,4,2.083258e+003,GGAILKIFQQK(6)-KDVLLR(1),Cross-Linked,BS3,2.083264e+003,null,5.106871e-009,8.356187e-006,-0.005499,-2.639608,Spc97-yeast(249)-Spc97-yeast(328)/,Intra-Protein,1,1,49.0,29.0,3.794950e-011,2.846335e-011
9,Q_2013_1010_RJ_07.31226.31226.4,4,3.020643e+003,IEKFLDALFGIQNTDDMVK(3)-AKIVQK(2),Cross-Linked,BS3,3.020638e+003,null,2.576536e-011,1.021442e-005,0.004979,1.648328,Spc98-yeast(71)-Spc98-yeast(103)/,Intra-Protein,1,1,102.0,18.0,3.335056e-024,1.856312e-009
10,Q_2013_1010_RJ_07.21440.21440.3,3,1.941025e+003,LKSFSLEK(2)-KMDPSFK(1),Cross-Linked,BS3,1.941040e+003,null,8.320845e-013,1.714135e-005,-0.014627,-7.535651,Spc97-yeast(39)-Spc97-yeast(97)/,Intra-Protein,1,1,45.5,32.5,1.402002e-013,1.475400e-012
11,Q_2013_1010_RJ_07.21487.21487.4,4,1.941039e+003,LKSFSLEK(2)-KMDPSFK(1),Cross-Linked,BS3,1.941040e+003,null,1.660795e-009,1.938290e-005,-0.000900,-0.463669,Spc97-yeast(39)-Spc97-yeast(97)/,Intra-Protein,1,1,40.5,48.5,1.273781e-008,2.342449e-012
12,Q_2013_1010_RJ_07.19632.19632.3,3,1.984181e+003,TGILLKVVR(6)-SSSSKPQK(5),Cross-Linked,BS3,1.984180e+003,null,8.154228e-014,2.102873e-005,0.001167,0.588152,Spc97-yeast(355)-Spc98-yeast(709)/,Inter-Protein,1,1,69.0,33.0,2.322262e-011,1.226150e-014
13,Q_2013_1010_RJ_07.28754.28754.4,4,2.659364e+003,NMNAILFDELSKER(12)-FCKFIK(3),Cross-Linked,BS3,2.659362e+003,Carbamidomethyl[C](19),3.850161e-012,2.230896e-005,0.002339,0.879534,Spc97-yeast(537)-Spc97-yeast(708)/,Intra-Protein,1,1,57.0,18.0,9.434954e-019,1.510898e-012
14,Q_2013_1010_RJ_07.23140.23140.3,3,2.467254e+003,SFSLEKISAPDQR(6)-KMDPSFK(1),Cross-Linked,BS3,2.467254e+003,null,4.058777e-014,2.858785e-005,0.000660,0.267504,Spc97-yeast(45)-Spc97-yeast(97)/,Intra-Protein,1,1,75.5,20.5,1.141533e-016,4.037794e-014
15,Q_2013_1010_RJ_07.19620.19620.4,4,1.984181e+003,TGILLKVVR(6)-SSSSKPQK(5),Cross-Linked,BS3,1.984180e+003,null,1.475173e-008,3.669622e-005,0.001376,0.693485,Spc97-yeast(355)-Spc98-yeast(709)/,Inter-Protein,1,1,66.0,39.0,6.461455e-009,8.597421e-009
16,Q_2013_1010_RJ_07.24398.24398.4,4,2.495338e+003,AKLCQLDPVLYEK(2)-FIKSMR(3),Cross-Linked,BS3,2.495340e+003,Carbamidomethyl[C](4),1.343161e-006,4.192862e-005,-0.001762,-0.706116,Spc97-yeast(716)-Spc97-yeast(711)/,Intra-Protein,1,1,45.0,29.0,4.082368e-013,7.219233e-007
17,Q_2013_1010_RJ_07.12586.12586.3,3,1.509973e+003,AKIVQK(2)-AKIVQK(2),Cross-Linked,BS3,1.509973e+003,null,6.623324e-005,6.630891e-005,0.000761,0.503983,Spc98-yeast(103)-Spc98-yeast(103)/,Inter-Protein,1,1,24.0,24.0,5.027687e-005,1.028801e-004
18,Q_2013_1010_RJ_07.17776.17776.4,4,2.361217e+003,NMGELTKHYR(7)-AMTKLQQR(4),Cross-Linked,BS3,2.361216e+003,null,9.911363e-008,6.696323e-005,0.000240,0.101643,Spc97-yeast(448)-His-TEV-Tub4-yeast(370)/Spc97-yeast(448)-His-TEV-Tub4-yeast-random(371)/,Inter-Protein,1,1,59.0,52.0,8.633892e-009,1.868767e-007
19,Q_2013_1010_RJ_07.24075.24075.5,5,2.979627e+003,LQSLDSPETTIMWHKIEK(15)-AKIVQK(2),Cross-Linked,BS3,2.979622e+003,null,9.012027e-012,8.220189e-005,0.004454,1.494820,Spc98-yeast(68)-Spc98-yeast(103)/,Intra-Protein,1,1,97.0,14.0,5.368078e-013,1.076256e-011
20,Q_2013_1010_RJ_07.25468.25468.4,4,2.493260e+003,DCDSEEDKNLLFK(8)-KDVLLR(1),Cross-Linked,BS3,2.493254e+003,Carbamidomethyl[C](2),7.722364e-009,8.483818e-005,0.006174,2.476282,Spc97-yeast(341)-Spc97-yeast(328)/,Intra-Protein,1,1,45.0,26.0,1.325205e-008,1.666497e-009
21,Q_2013_1010_RJ_07.15839.15839.3,3,1.675945e+003,KMDPSFK(1)-AKIVQK(2),Cross-Linked,BS3,1.675945e+003,null,1.031037e-007,1.019048e-004,0.000386,0.230318,Spc97-yeast(97)-Spc98-yeast(103)/,Inter-Protein,1,1,28.5,32.5,6.604739e-009,9.662462e-008
22,Q_2013_1010_RJ_07.25738.25738.3,3,2.556355e+003,AKLCQLDPVLYEK(2)-FCKFIK(3),Cross-Linked,BS3,2.556360e+003,Carbamidomethyl[C](4);Carbamidomethyl[C](18),3.048480e-008,1.175793e-004,-0.004887,-1.911702,Spc97-yeast(716)-Spc97-yeast(708)/,Intra-Protein,1,1,72.5,20.5,8.802772e-022,5.146475e-008
23,Q_2013_1010_RJ_07.25215.25215.3,3,3.100554e+003,AKLCQLDPVLYEK(2)-SGMMKTLNEGYR(5),Cross-Linked,BS3,3.100551e+003,Carbamidomethyl[C](4),1.764158e-011,1.267015e-004,0.002255,0.727290,Spc97-yeast(716)-Spc97-yeast(734)/,Intra-Protein,1,1,42.5,30.5,1.468192e-017,6.710428e-011
24,Q_2013_1010_RJ_07.26518.26518.4,4,3.392630e+003,YFNDYEPSDPETPIEFKIAK(17)-KMDPSFK(1),Cross-Linked,BS3,3.392628e+003,null,4.983363e-013,1.288349e-004,0.001849,0.545005,Spc97-yeast(93)-Spc97-yeast(97)/,Intra-Protein,1,1,75.0,21.0,1.976558e-020,4.155984e-010
25,Q_2013_1010_RJ_07.23113.23113.3,3,2.040017e+003,DDDTKPFFR(5)-NKFTPR(2),Cross-Linked,BS3,2.040018e+003,null,2.017151e-008,1.495605e-004,-0.001257,-0.616171,His-TEV-Tub4-yeast(84)-His-TEV-Tub4-yeast(94)/His-TEV-Tub4-yeast(84)-His-TEV-Tub4-yeast-random(95)/His-TEV-Tub4-yeast-random(85)-His-TEV-Tub4-yeast(94)/His-TEV-Tub4-yeast-random(85)-His-TEV-Tub4-yeast-random(95)/,Intra-Protein,1,1,55.5,22.5,9.316012e-012,1.294931e-008
26,Q_2013_1010_RJ_07.20948.20948.4,4,2.301284e+003,SFSLEKISAPDQR(6)-AKIVQK(2),Cross-Linked,BS3,2.301281e+003,null,6.674350e-010,1.784114e-004,0.003146,1.367065,Spc97-yeast(45)-Spc98-yeast(103)/,Inter-Protein,1,1,100.0,28.0,2.829983e-013,1.264043e-009
27,Q_2013_1010_RJ_07.24138.24138.5,5,2.979622e+003,LQSLDSPETTIMWHKIEK(15)-AKIVQK(2),Cross-Linked,BS3,2.979622e+003,null,1.692213e-010,2.311899e-004,-0.000389,-0.130553,Spc98-yeast(68)-Spc98-yeast(103)/,Intra-Protein,1,1,80.0,16.0,1.329076e-009,1.530758e-008
28,Q_2013_1010_RJ_07.27857.27857.4,4,2.848489e+003,NDGDEELFLLSKSLR(12)-AMTKLQQR(4),Cross-Linked,BS3,2.848487e+003,null,2.368591e-009,2.473102e-004,0.001572,0.551872,Spc98-yeast(843)-His-TEV-Tub4-yeast(370)/Spc98-yeast(843)-His-TEV-Tub4-yeast-random(371)/,Inter-Protein,1,1,75.0,24.0,2.076132e-014,4.230495e-009
29,Q_2013_1010_RJ_07.26522.26522.4,4,2.792444e+003,NMNAILFDELSKER(12)-AMTKLQQR(4),Cross-Linked,BS3,2.792443e+003,null,1.025982e-009,2.575214e-004,0.001229,0.440116,Spc97-yeast(537)-His-TEV-Tub4-yeast(370)/Spc97-yeast(537)-His-TEV-Tub4-yeast-random(371)/,Inter-Protein,1,1,51.0,25.0,6.221340e-013,3.195955e-010
30,Q_2013_1010_RJ_07.20685.20685.4,4,2.228138e+003,NMGELTKHYR(7)-FCKFIK(3),Cross-Linked,BS3,2.228135e+003,Carbamidomethyl[C](15),1.138801e-007,2.624520e-004,0.002795,1.254412,Spc97-yeast(448)-Spc97-yeast(708)/,Intra-Protein,1,1,73.0,27.0,4.909106e-011,1.230844e-007
31,Q_2013_1010_RJ_07.19574.19574.3,3,1.984165e+003,TGILLKVVR(6)-SSSSKPQK(5),Cross-Linked,BS3,1.984180e+003,null,1.589892e-012,2.648638e-004,-0.014557,-7.336532,Spc97-yeast(355)-Spc98-yeast(709)/,Inter-Protein,1,1,67.0,37.0,1.592949e-009,1.979421e-011
32,Q_2013_1010_RJ_07.24087.24087.4,4,2.979623e+003,LQSLDSPETTIMWHKIEK(15)-AKIVQK(2),Cross-Linked,BS3,2.979622e+003,null,4.219861e-014,2.697271e-004,0.000758,0.254395,Spc98-yeast(68)-Spc98-yeast(103)/,Intra-Protein,1,1,78.0,14.0,8.626215e-013,8.882925e-014
33,Q_2013_1010_RJ_07.21653.21653.3,3,2.394295e+003,FLTKNMGELTK(4)-AMTKLQQR(4),Cross-Linked,BS3,2.394288e+003,null,4.901901e-008,3.003956e-004,0.007213,3.012586,Spc97-yeast(441)-His-TEV-Tub4-yeast(370)/Spc97-yeast(441)-His-TEV-Tub4-yeast-random(371)/,Inter-Protein,1,1,39.0,48.0,6.082132e-009,1.764074e-008
34,Q_2013_1010_RJ_07.24586.24586.5,5,3.029579e+003,IKFPSWSSSAMHVNIGR(2)-AMTKLQQR(4),Cross-Linked,BS3,3.029581e+003,null,1.175970e-007,3.241144e-004,-0.001621,-0.535057,His-TEV-Tub4-yeast(376)-His-TEV-Tub4-yeast(370)/His-TEV-Tub4-yeast(376)-His-TEV-Tub4-yeast-random(371)/His-TEV-Tub4-yeast-random(377)-His-TEV-Tub4-yeast(370)/His-TEV-Tub4-yeast-random(377)-His-TEV-Tub4-yeast-random(371)/,Intra-Protein,1,1,83.0,32.0,7.322550e-020,2.416160e-008
35,Q_2013_1010_RJ_07.31195.31195.3,3,3.020644e+003,IEKFLDALFGIQNTDDMVK(3)-AKIVQK(2),Cross-Linked,BS3,3.020638e+003,null,3.367077e-009,3.475376e-004,0.006630,2.194901,Spc98-yeast(71)-Spc98-yeast(103)/,Intra-Protein,1,1,79.0,14.0,1.636232e-015,1.431282e-007
36,Q_2013_1010_RJ_07.17824.17824.3,3,2.361217e+003,NMGELTKHYR(7)-AMTKLQQR(4),Cross-Linked,BS3,2.361216e+003,null,7.965576e-012,3.649519e-004,0.000400,0.169404,Spc97-yeast(448)-His-TEV-Tub4-yeast(370)/Spc97-yeast(448)-His-TEV-Tub4-yeast-random(371)/,Inter-Protein,1,1,70.5,43.5,4.404539e-010,5.890519e-012
37,Q_2013_1010_RJ_07.25764.25764.4,4,2.556366e+003,AKLCQLDPVLYEK(2)-FCKFIK(3),Cross-Linked,BS3,2.556360e+003,Carbamidomethyl[C](4);Carbamidomethyl[C](18),6.356422e-010,3.802923e-004,0.005592,2.187485,Spc97-yeast(716)-Spc97-yeast(708)/,Intra-Protein,1,1,73.5,28.5,2.216616e-021,1.262353e-010
38,Q_2013_1010_RJ_07.17836.17836.4,4,2.361219e+003,NMGELTKHYR(7)-AMTKLQQR(4),Cross-Linked,BS3,2.361216e+003,null,2.193250e-006,4.482057e-004,0.002674,1.132467,Spc97-yeast(448)-His-TEV-Tub4-yeast(370)/Spc97-yeast(448)-His-TEV-Tub4-yeast-random(371)/,Inter-Protein,1,1,65.0,43.0,4.134021e-010,7.922001e-006
39,Q_2013_1010_RJ_07.20889.20889.4,4,2.301298e+003,SFSLEKISAPDQR(6)-AKIVQK(2),Cross-Linked,BS3,2.301281e+003,null,7.564591e-008,4.979962e-004,0.017008,7.390666,Spc97-yeast(45)-Spc98-yeast(103)/,Inter-Protein,1,1,81.0,17.0,1.403018e-010,1.089330e-007
40,Q_2013_1010_RJ_07.18886.18886.3,3,1.775070e+003,LKSFSLEK(2)-AKIVQK(2),Cross-Linked,BS3,1.775068e+003,null,6.836058e-008,5.788547e-004,0.002052,1.156012,Spc97-yeast(39)-Spc98-yeast(103)/,Inter-Protein,1,1,36.0,27.0,1.651414e-008,2.123100e-007
41,Q_2013_1010_RJ_07.19128.19128.5,5,3.219683e+003,TENKSQNQFDLIR(4)-AEVLTKSSSSKPQK(6),Cross-Linked,BS3,3.219685e+003,null,5.025075e-009,6.908478e-004,-0.001928,-0.598816,Spc98-yeast(674)-Spc98-yeast(704)/,Intra-Protein,1,1,55.0,53.0,1.296742e-016,1.360318e-008
42,Q_2013_1010_RJ_07.25809.25809.3,3,2.556355e+003,AKLCQLDPVLYEK(2)-FCKFIK(3),Cross-Linked,BS3,2.556360e+003,Carbamidomethyl[C](4);Carbamidomethyl[C](18),1.079607e-008,7.340640e-004,-0.004887,-1.911702,Spc97-yeast(716)-Spc97-yeast(708)/,Intra-Protein,1,1,56.0,17.0,1.934888e-024,1.428225e-008
43,Q_2013_1010_RJ_07.23201.23201.3,3,2.467255e+003,SFSLEKISAPDQR(6)-KMDPSFK(1),Cross-Linked,BS3,2.467254e+003,null,5.978675e-011,8.843614e-004,0.001714,0.694700,Spc97-yeast(45)-Spc97-yeast(97)/,Intra-Protein,1,1,73.5,22.5,6.037791e-013,9.812024e-012
44,Q_2013_1010_RJ_07.29074.29074.4,4,3.628795e+003,NDNNANYDKLLQNFELER(9)-FLTKNMGELTK(4),Cross-Linked,BS3,3.628795e+003,null,9.064924e-009,1.027150e-003,0.000059,0.016259,Spc97-yeast(460)-Spc97-yeast(441)/,Intra-Protein,1,1,60.0,23.0,5.601669e-021,3.677267e-009
45,Q_2013_1010_RJ_07.27916.27916.4,4,2.848492e+003,NDGDEELFLLSKSLR(12)-AMTKLQQR(4),Cross-Linked,BS3,2.848487e+003,null,1.101904e-008,1.031036e-003,0.004792,1.682296,Spc98-yeast(843)-His-TEV-Tub4-yeast(370)/Spc98-yeast(843)-His-TEV-Tub4-yeast-random(371)/,Inter-Protein,1,1,73.0,27.0,5.263360e-013,1.771604e-009
46,Q_2013_1010_RJ_07.21685.21685.4,4,2.394298e+003,FLTKNMGELTK(4)-AMTKLQQR(4),Cross-Linked,BS3,2.394288e+003,null,5.877533e-006,1.278370e-003,0.009937,4.150294,Spc97-yeast(441)-His-TEV-Tub4-yeast(370)/Spc97-yeast(441)-His-TEV-Tub4-yeast-random(371)/,Inter-Protein,1,1,40.0,45.0,4.801923e-007,3.409385e-005
47,Q_2013_1010_RJ_07.23160.23160.4,4,2.040018e+003,DDDTKPFFR(5)-NKFTPR(2),Cross-Linked,BS3,2.040018e+003,null,1.812516e-003,1.372867e-003,-0.000255,-0.124999,His-TEV-Tub4-yeast(84)-His-TEV-Tub4-yeast(94)/His-TEV-Tub4-yeast(84)-His-TEV-Tub4-yeast-random(95)/His-TEV-Tub4-yeast-random(85)-His-TEV-Tub4-yeast(94)/His-TEV-Tub4-yeast-random(85)-His-TEV-Tub4-yeast-random(95)/,Intra-Protein,1,1,39.5,19.5,6.075572e-007,1.729439e-003
48,Q_2013_1010_RJ_07.26613.26613.4,4,2.814551e+003,KILTTYSVFPAR(1)-FLTKNMGELTK(4),Cross-Linked,BS3,2.814547e+003,null,8.319613e-009,1.566287e-003,0.003361,1.194153,His-TEV-Tub4-yeast(198)-Spc97-yeast(441)/His-TEV-Tub4-yeast-random(199)-Spc97-yeast(441)/,Inter-Protein,1,1,64.0,38.0,3.172700e-016,3.324091e-009
49,Q_2013_1010_RJ_07.30725.30725.4,4,3.527778e+003,KCLINFTQELSTEK(1)-NMNAILFDELSKER(12),Cross-Linked,BS3,3.527776e+003,Carbamidomethyl[C](2),5.885128e-015,1.778811e-003,0.002216,0.628158,Spc97-yeast(777)-Spc97-yeast(537)/,Intra-Protein,1,1,42.0,38.0,1.218260e-013,2.410846e-013
50,Q_2013_1010_RJ_07.25191.25191.4,4,3.100553e+003,AKLCQLDPVLYEK(2)-SGMMKTLNEGYR(5),Cross-Linked,BS3,3.100551e+003,Carbamidomethyl[C](4),3.202729e-014,1.951760e-003,0.001980,0.638596,Spc97-yeast(716)-Spc97-yeast(734)/,Intra-Protein,1,1,51.0,60.0,6.907881e-019,1.646993e-014
51,Q_2013_1010_RJ_07.19679.19679.4,4,1.984178e+003,TGILLKVVR(6)-SSSSKPQK(5),Cross-Linked,BS3,1.984180e+003,null,6.462681e-007,1.993575e-003,-0.001833,-0.923807,Spc97-yeast(355)-Spc98-yeast(709)/,Inter-Protein,1,1,60.0,40.0,7.414948e-008,3.036034e-007
52,Q_2013_1010_RJ_07.23407.23407.4,4,2.508418e+003,KILTTYSVFPAR(1)-AMTKLQQR(4),Cross-Linked,BS3,2.508401e+003,null,5.331215e-008,2.425619e-003,0.017615,7.022403,His-TEV-Tub4-yeast(198)-His-TEV-Tub4-yeast(370)/His-TEV-Tub4-yeast(198)-His-TEV-Tub4-yeast-random(371)/His-TEV-Tub4-yeast-random(199)-His-TEV-Tub4-yeast(370)/His-TEV-Tub4-yeast-random(199)-His-TEV-Tub4-yeast-random(371)/,Intra-Protein,1,1,41.0,34.0,2.383480e-012,1.518219e-007
53,Q_2013_1010_RJ_07.17726.17726.4,4,2.578310e+003,TENKSQNQFDLIR(4)-SSSSKPQK(5),Cross-Linked,BS3,2.578311e+003,null,4.876030e-005,3.357485e-003,-0.000356,-0.138075,Spc98-yeast(674)-Spc98-yeast(709)/,Intra-Protein,1,1,68.5,20.5,1.242031e-012,1.198433e-004
54,Q_2013_1010_RJ_07.18920.18920.4,4,1.775069e+003,LKSFSLEK(2)-AKIVQK(2),Cross-Linked,BS3,1.775068e+003,null,4.935413e-007,3.398659e-003,0.000901,0.507586,Spc97-yeast(39)-Spc98-yeast(103)/,Inter-Protein,1,1,38.5,33.5,8.469861e-007,9.084159e-007
55,Q_2013_1010_RJ_07.18001.18001.4,4,2.562497e+003,SSSSKPQKHAIEK(8)-TGILLKVVR(6),Cross-Linked,BS3,2.562498e+003,null,6.057768e-008,3.610435e-003,-0.000793,-0.309464,Spc98-yeast(712)-Spc97-yeast(355)/,Inter-Protein,1,1,55.0,49.0,8.895369e-009,1.399159e-007
56,Q_2013_1010_RJ_07.22808.22808.4,4,2.160218e+003,DFNKVPNFSIR(4)-AKIVQK(2),Cross-Linked,BS3,2.160217e+003,null,9.861871e-011,3.676466e-003,0.000858,0.397182,Spc97-yeast(164)-Spc98-yeast(103)/,Inter-Protein,1,1,58.0,35.0,8.886283e-011,1.189945e-010
57,Q_2013_1010_RJ_07.26806.26806.4,4,3.322653e+003,NDNNANYDKLLQNFELER(9)-AMTKLQQR(4),Cross-Linked,BS3,3.322648e+003,null,5.336767e-010,4.236299e-003,0.004638,1.395874,Spc97-yeast(460)-His-TEV-Tub4-yeast(370)/Spc97-yeast(460)-His-TEV-Tub4-yeast-random(371)/,Inter-Protein,1,1,91.0,23.0,1.232642e-022,1.365027e-008
58,Q_2013_1010_RJ_07.26754.26754.3,3,3.322650e+003,NDNNANYDKLLQNFELER(9)-AMTKLQQR(4),Cross-Linked,BS3,3.322648e+003,null,1.074059e-010,4.742109e-003,0.002027,0.610056,Spc97-yeast(460)-His-TEV-Tub4-yeast(370)/Spc97-yeast(460)-His-TEV-Tub4-yeast-random(371)/,Inter-Protein,1,1,73.0,20.0,6.011098e-020,7.800649e-008
59,Q_2013_1010_RJ_07.26746.26746.4,4,3.322651e+003,NDNNANYDKLLQNFELER(9)-AMTKLQQR(4),Cross-Linked,BS3,3.322648e+003,null,7.707871e-011,5.343057e-003,0.002871,0.864070,Spc97-yeast(460)-His-TEV-Tub4-yeast(370)/Spc97-yeast(460)-His-TEV-Tub4-yeast-random(371)/,Inter-Protein,1,1,84.0,36.0,1.914416e-018,3.335302e-009
60,Q_2013_1010_RJ_07.29178.29178.5,5,3.839837e+003,TNQSSQEDFNNFMDSMKNESSLHLR(17)-KDVLLR(1),Cross-Linked,BS3,3.839833e+003,null,4.111825e-012,5.846781e-003,0.004022,1.047442,Spc97-yeast(221)-Spc97-yeast(328)/,Intra-Protein,1,1,82.5,14.5,4.328413e-023,1.474520e-011
61,Q_2013_1010_RJ_07.30789.30789.5,5,3.736049e+003,YTNNIPLLGKLVNHQPLWSTNPK(10)-LKSFSLEK(2),Cross-Linked,BS3,3.736047e+003,null,1.276806e-005,6.013062e-003,0.001863,0.498655,Spc97-yeast(24)-Spc97-yeast(39)/,Intra-Protein,1,1,74.0,17.0,4.557762e-014,2.592745e-004
62,Q_2013_1010_RJ_07.14672.14672.4,4,2.543290e+003,KYHVLYQSNSYR(1)-SSSSKPQK(5),Cross-Linked,BS3,2.543289e+003,null,1.008579e-006,7.029956e-003,0.000976,0.383755,Spc98-yeast(428)-Spc98-yeast(709)/,Intra-Protein,1,1,54.0,19.0,1.221037e-012,1.918976e-006
63,Q_2013_1010_RJ_07.23098.23098.4,4,2.040019e+003,DDDTKPFFR(5)-NKFTPR(2),Cross-Linked,BS3,2.040018e+003,null,1.166100e-003,7.159997e-003,0.000940,0.460780,His-TEV-Tub4-yeast(84)-His-TEV-Tub4-yeast(94)/His-TEV-Tub4-yeast(84)-His-TEV-Tub4-yeast-random(95)/His-TEV-Tub4-yeast-random(85)-His-TEV-Tub4-yeast(94)/His-TEV-Tub4-yeast-random(85)-His-TEV-Tub4-yeast-random(95)/,Intra-Protein,1,1,35.5,22.5,5.835260e-009,2.468715e-003
64,Q_2013_1010_RJ_07.29243.29243.4,4,2.679475e+003,FNTNLKEIVSQYK(6)-DIINKLSR(5),Cross-Linked,BS3,2.679471e+003,null,4.912487e-004,7.683095e-003,0.003302,1.232333,Spc98-yeast(810)-Spc98-yeast(630)/,Intra-Protein,1,1,55.0,32.0,4.952857e-011,1.800889e-004
65,Q_2013_1010_RJ_07.27369.27369.5,5,3.275735e+003,ADLKNDGDEELFLLSKSLR(16)-AMTKLQQR(4),Cross-Linked,BS3,3.275730e+003,null,2.685829e-009,7.721616e-003,0.004816,1.470207,Spc98-yeast(843)-His-TEV-Tub4-yeast(370)/Spc98-yeast(843)-His-TEV-Tub4-yeast-random(371)/,Inter-Protein,1,1,64.0,25.0,4.696099e-013,9.458815e-009
66,Q_2013_1010_RJ_07.28737.28737.4,4,3.812881e+003,YFNDYEPSDPETPIEFKIAK(17)-YGKQYMILTR(3),Cross-Linked,BS3,3.812877e+003,null,9.924187e-011,7.947253e-003,0.004327,1.134839,Spc97-yeast(93)-Spc97-yeast(114)/,Intra-Protein,1,1,59.0,29.0,2.155780e-016,1.138197e-010
67,Q_2013_1010_RJ_07.19069.19069.5,5,3.219671e+003,TENKSQNQFDLIR(4)-AEVLTKSSSSKPQK(6),Cross-Linked,BS3,3.219685e+003,null,1.038105e-008,8.017491e-003,-0.014514,-4.507894,Spc98-yeast(674)-Spc98-yeast(704)/,Intra-Protein,1,1,38.0,41.0,5.961678e-014,4.970290e-008
68,Q_2013_1010_RJ_07.17928.17928.4,4,2.562496e+003,SSSSKPQKHAIEK(8)-TGILLKVVR(6),Cross-Linked,BS3,2.562498e+003,null,2.641290e-007,8.475282e-003,-0.001131,-0.441366,Spc98-yeast(712)-Spc97-yeast(355)/,Inter-Protein,1,1,56.0,52.0,1.255324e-007,4.602013e-009
69,Q_2013_1010_RJ_07.22767.22767.3,3,2.160222e+003,DFNKVPNFSIR(4)-AKIVQK(2),Cross-Linked,BS3,2.160217e+003,null,2.558734e-010,9.074330e-003,0.004623,2.140062,Spc97-yeast(164)-Spc98-yeast(103)/,Inter-Protein,1,1,55.0,23.0,7.488612e-015,3.709824e-011
70,Q_2013_1010_RJ_07.30040.30040.4,4,3.042618e+003,TENKSQNQFDLIR(4)-ELAYKIFMIGK(5),Cross-Linked,BS3,3.042597e+003,null,1.445973e-005,9.563803e-003,0.021443,7.047598,Spc98-yeast(674)-Spc98-yeast(401)/,Intra-Protein,1,1,34.0,30.0,8.604702e-006,4.741812e-005
71,Q_2013_1010_RJ_07.39832.39832.4,4,4.401266e+003,SDFMDALIEKANDILATPSDSLPNYK(10)-KILTTYSVFPAR(1),Cross-Linked,BS3,4.401257e+003,null,8.224827e-017,9.633581e-003,0.008912,2.024876,Spc98-yeast(495)-His-TEV-Tub4-yeast(198)/Spc98-yeast(495)-His-TEV-Tub4-yeast-random(199)/,Inter-Protein,1,1,71.0,36.0,1.302809e-027,8.416465e-016
72,Q_2013_1010_RJ_07.26578.26578.4,4,3.392634e+003,YFNDYEPSDPETPIEFKIAK(17)-KMDPSFK(1),Cross-Linked,BS3,3.392628e+003,null,1.779277e-011,1.025746e-002,0.005419,1.597287,Spc97-yeast(93)-Spc97-yeast(97)/,Intra-Protein,1,1,71.0,21.0,2.666830e-018,5.892752e-011
73,Q_2013_1010_RJ_07.28525.28525.5,5,3.755780e+003,YFNDYEPSDPETPIEFKIAK(17)-MDPSFKTFSR(6),Cross-Linked,BS3,3.755782e+003,null,2.958451e-007,1.032488e-002,-0.001994,-0.530915,Spc97-yeast(93)-Spc97-yeast(103)/,Intra-Protein,1,1,41.0,16.0,1.210646e-015,2.028866e-007
74,Q_2013_1010_RJ_07.35419.35419.4,4,3.670891e+003,IEKFLDALFGIQNTDDMVK(3)-DFNKVPNFSIR(4),Cross-Linked,BS3,3.670882e+003,null,2.377917e-010,1.034810e-002,0.008279,2.255316,Spc98-yeast(71)-Spc97-yeast(164)/,Inter-Protein,1,1,61.0,34.0,3.019172e-020,8.900797e-009
75,Q_2013_1010_RJ_07.17942.17942.4,4,2.562498e+003,SSSSKPQKHAIEK(8)-TGILLKVVR(6),Cross-Linked,BS3,2.562498e+003,null,2.249666e-006,1.076395e-002,-0.000098,-0.038244,Spc98-yeast(712)-Spc97-yeast(355)/,Inter-Protein,1,1,43.0,53.0,2.660475e-006,2.003442e-008
76,Q_2013_1010_RJ_07.17556.17556.4,4,1.875018e+003,AMTKLQQR(4)-NKFTPR(2),Cross-Linked,BS3,1.875027e+003,null,3.404455e-005,1.086193e-002,-0.008652,-4.614334,His-TEV-Tub4-yeast(370)-His-TEV-Tub4-yeast(94)/His-TEV-Tub4-yeast(370)-His-TEV-Tub4-yeast-random(95)/His-TEV-Tub4-yeast-random(371)-His-TEV-Tub4-yeast(94)/His-TEV-Tub4-yeast-random(371)-His-TEV-Tub4-yeast-random(95)/,Intra-Protein,1,1,32.5,24.5,1.871975e-004,1.547080e-005
77,Q_2013_1010_RJ_07.17764.17764.5,5,2.361218e+003,NMGELTKHYR(7)-AMTKLQQR(4),Cross-Linked,BS3,2.361216e+003,null,1.495443e-006,1.314658e-002,0.001484,0.628490,Spc97-yeast(448)-His-TEV-Tub4-yeast(370)/Spc97-yeast(448)-His-TEV-Tub4-yeast-random(371)/,Inter-Protein,1,1,41.0,41.0,2.817181e-007,1.157438e-005
78,Q_2013_1010_RJ_07.26374.26374.5,5,4.301237e+003,IVQKSSGLNMENLANHEHLLSPVR(4)-SFSLEKISAPDQR(6),Cross-Linked,BS3,4.301234e+003,null,8.395869e-014,1.362339e-002,0.002147,0.499159,Spc98-yeast(107)-Spc97-yeast(45)/,Inter-Protein,1,1,64.0,29.0,1.143070e-013,1.834029e-012
79,Q_2013_1010_RJ_07.27898.27898.3,3,2.848489e+003,NDGDEELFLLSKSLR(12)-AMTKLQQR(4),Cross-Linked,BS3,2.848487e+003,null,5.222679e-006,1.363536e-002,0.001526,0.535723,Spc98-yeast(843)-His-TEV-Tub4-yeast(370)/Spc98-yeast(843)-His-TEV-Tub4-yeast-random(371)/,Inter-Protein,1,1,73.0,21.0,9.730024e-014,2.642442e-006
80,Q_2013_1010_RJ_07.30724.30724.5,5,3.736049e+003,YTNNIPLLGKLVNHQPLWSTNPK(10)-LKSFSLEK(2),Cross-Linked,BS3,3.736047e+003,null,1.368865e-003,1.693321e-002,0.001949,0.521674,Spc97-yeast(24)-Spc97-yeast(39)/,Intra-Protein,1,1,68.0,13.0,1.000577e-013,8.565249e-003
81,Q_2013_1010_RJ_07.17674.17674.3,3,2.578313e+003,TENKSQNQFDLIR(4)-SSSSKPQK(5),Cross-Linked,BS3,2.578311e+003,null,2.036619e-006,1.830709e-002,0.002449,0.949847,Spc98-yeast(674)-Spc98-yeast(709)/,Intra-Protein,1,1,64.0,15.0,2.921222e-012,4.258940e-006
82,Q_2013_1010_RJ_07.28534.28534.4,4,3.755786e+003,YFNDYEPSDPETPIEFKIAK(17)-MDPSFKTFSR(6),Cross-Linked,BS3,3.755782e+003,null,4.459778e-007,1.941259e-002,0.003454,0.919649,Spc97-yeast(93)-Spc97-yeast(103)/,Intra-Protein,1,1,63.0,28.0,1.890982e-017,4.338438e-007
83,Q_2013_1010_RJ_07.27079.27079.4,4,3.010577e+003,NNYFYQKEMLK(7)-KILTTYSVFPAR(1),Cross-Linked,BS3,3.010575e+003,null,2.757870e-011,1.958446e-002,0.002262,0.751352,Spc98-yeast(602)-His-TEV-Tub4-yeast(198)/Spc98-yeast(602)-His-TEV-Tub4-yeast-random(199)/,Inter-Protein,1,1,41.0,48.0,5.106935e-010,1.020706e-015
84,Q_2013_1010_RJ_07.17823.17823.5,5,2.361218e+003,NMGELTKHYR(7)-AMTKLQQR(4),Cross-Linked,BS3,2.361216e+003,null,2.643602e-007,1.974969e-002,0.001901,0.805093,Spc97-yeast(448)-His-TEV-Tub4-yeast(370)/Spc97-yeast(448)-His-TEV-Tub4-yeast-random(371)/,Inter-Protein,1,1,47.0,43.0,2.153260e-007,4.130920e-006
85,Q_2013_1010_RJ_07.18028.18028.5,5,2.562497e+003,SSSSKPQKHAIEK(8)-TGILLKVVR(6),Cross-Linked,BS3,2.562498e+003,null,2.534224e-005,2.059413e-002,-0.000862,-0.336391,Spc98-yeast(712)-Spc97-yeast(355)/,Inter-Protein,1,1,34.0,38.0,2.927998e-005,5.168389e-007
86,Q_2013_1010_RJ_07.27308.27308.5,5,3.275735e+003,ADLKNDGDEELFLLSKSLR(16)-AMTKLQQR(4),Cross-Linked,BS3,3.275730e+003,null,1.343423e-008,2.198424e-002,0.004744,1.448227,Spc98-yeast(843)-His-TEV-Tub4-yeast(370)/Spc98-yeast(843)-His-TEV-Tub4-yeast-random(371)/,Inter-Protein,1,1,72.0,16.0,1.085501e-015,5.676289e-008
87,Q_2013_1010_RJ_07.17968.17968.5,5,2.562500e+003,SSSSKPQKHAIEK(8)-TGILLKVVR(6),Cross-Linked,BS3,2.562498e+003,null,1.040046e-006,2.252757e-002,0.002023,0.789464,Spc98-yeast(712)-Spc97-yeast(355)/,Inter-Protein,1,1,38.0,46.0,1.005835e-007,8.253031e-008
88,Q_2013_1010_RJ_07.25730.25730.3,3,2.919505e+003,ADLKNDGDEELFLLSK(4)-AMTKLQQR(4),Cross-Linked,BS3,2.919513e+003,null,3.325796e-008,2.378866e-002,-0.007615,-2.608312,Spc98-yeast(831)-His-TEV-Tub4-yeast(370)/Spc98-yeast(831)-His-TEV-Tub4-yeast-random(371)/,Inter-Protein,1,1,44.0,25.0,9.050370e-010,5.208963e-007
89,Q_2013_1010_RJ_07.17989.17989.6,6,2.562498e+003,SSSSKPQKHAIEK(8)-TGILLKVVR(6),Cross-Linked,BS3,2.562498e+003,null,4.582288e-006,2.398662e-002,0.000756,0.295025,Spc98-yeast(712)-Spc97-yeast(355)/,Inter-Protein,1,1,30.0,40.0,4.203852e-006,3.731458e-008
90,Q_2013_1010_RJ_07.22602.22602.5,5,2.876562e+003,SSSSKPQKHAIEK(5)-ELAYKIFMIGK(5),Cross-Linked,BS3,2.876559e+003,null,4.999655e-004,2.886516e-002,0.003221,1.119741,Spc98-yeast(709)-Spc98-yeast(401)/,Intra-Protein,1,1,27.0,42.0,5.757041e-004,5.129359e-010
91,Q_2013_1010_RJ_07.26340.26340.4,4,3.595727e+003,NDNNANYDKLLQNFELER(9)-NMGELTKHYR(7),Cross-Linked,BS3,3.595723e+003,null,2.371429e-007,2.909958e-002,0.003469,0.964757,Spc97-yeast(460)-Spc97-yeast(448)/,Intra-Protein,1,1,66.0,30.0,8.808600e-018,2.685554e-007
92,Q_2013_1010_RJ_07.28597.28597.4,4,3.755788e+003,YFNDYEPSDPETPIEFKIAK(17)-MDPSFKTFSR(6),Cross-Linked,BS3,3.755782e+003,null,6.834030e-008,2.935750e-002,0.005363,1.427932,Spc97-yeast(93)-Spc97-yeast(103)/,Intra-Protein,1,1,60.0,20.0,7.401409e-016,1.066386e-007
93,Q_2013_1010_RJ_07.17555.17555.4,4,2.578313e+003,TENKSQNQFDLIR(4)-SSSSKPQK(5),Cross-Linked,BS3,2.578311e+003,null,2.842226e-004,3.084888e-002,0.002493,0.966912,Spc98-yeast(674)-Spc98-yeast(709)/,Intra-Protein,1,1,51.5,12.5,1.125327e-009,1.044871e-003
94,Q_2013_1010_RJ_07.17965.17965.3,3,2.562495e+003,SSSSKPQKHAIEK(8)-TGILLKVVR(6),Cross-Linked,BS3,2.562498e+003,null,1.468825e-006,3.097650e-002,-0.002188,-0.853854,Spc98-yeast(712)-Spc97-yeast(355)/,Inter-Protein,1,1,40.0,31.0,3.078019e-010,5.771779e-007
95,Q_2013_1010_RJ_07.16395.16395.5,5,3.156630e+003,TENKSQNQFDLIR(4)-SSSSKPQKHAIEK(8),Cross-Linked,BS3,3.156628e+003,null,5.393988e-009,3.121119e-002,0.002178,0.689977,Spc98-yeast(674)-Spc98-yeast(712)/,Intra-Protein,1,1,57.0,33.0,4.908607e-017,9.811876e-009
96,Q_2013_1010_RJ_07.18064.18064.4,4,2.562497e+003,SSSSKPQKHAIEK(8)-TGILLKVVR(6),Cross-Linked,BS3,2.562498e+003,null,8.592406e-005,3.140650e-002,-0.000487,-0.190049,Spc98-yeast(712)-Spc97-yeast(355)/,Inter-Protein,1,1,23.0,40.0,8.471732e-005,2.825850e-007
97,Q_2013_1010_RJ_07.16332.16332.6,6,3.156629e+003,TENKSQNQFDLIR(4)-SSSSKPQKHAIEK(8),Cross-Linked,BS3,3.156628e+003,null,1.113944e-006,3.404283e-002,0.001215,0.384904,Spc98-yeast(674)-Spc98-yeast(712)/,Intra-Protein,1,1,42.0,29.0,3.310846e-015,3.319245e-006
98,Q_2013_1010_RJ_07.14731.14731.4,4,2.543291e+003,KYHVLYQSNSYR(1)-SSSSKPQK(5),Cross-Linked,BS3,2.543289e+003,null,1.349809e-004,3.476233e-002,0.002128,0.836712,Spc98-yeast(428)-Spc98-yeast(709)/,Intra-Protein,1,1,58.0,18.0,1.344428e-009,1.650098e-004
99,Q_2013_1010_RJ_07.23208.23208.4,4,2.467257e+003,SFSLEKISAPDQR(6)-KMDPSFK(1),Cross-Linked,BS3,2.467254e+003,null,7.159372e-010,3.724612e-002,0.003095,1.254431,Spc97-yeast(45)-Spc97-yeast(97)/,Intra-Protein,1,1,82.0,27.0,2.449022e-012,1.480480e-010
100,Q_2013_1010_RJ_07.17045.17045.4,4,2.088140e+003,AMTKLQQR(4)-AMTKLQQR(4),Cross-Linked,BS3,2.088142e+003,null,2.118648e-001,4.141719e-002,-0.001654,-0.792092,His-TEV-Tub4-yeast(370)-His-TEV-Tub4-yeast(370)/His-TEV-Tub4-yeast(370)-His-TEV-Tub4-yeast-random(371)/His-TEV-Tub4-yeast-random(371)-His-TEV-Tub4-yeast(370)/His-TEV-Tub4-yeast-random(371)-His-TEV-Tub4-yeast-random(371)/,Inter-Protein,1,1,23.0,23.0,2.977964e-001,4.050338e-001
101,Q_2013_1010_RJ_07.30897.30897.5,5,4.709072e+003,TNQSSQEDFNNFMDSMKNESSLHLR(17)-DCDSEEDKNLLFK(8),Cross-Linked,BS3,4.709071e+003,Carbamidomethyl[C](30),1.387623e-015,4.545986e-002,0.000793,0.168398,Spc97-yeast(221)-Spc97-yeast(341)/,Intra-Protein,1,1,53.0,37.0,1.065655e-014,5.683063e-014
102,Q_2013_1010_RJ_07.25212.25212.4,4,3.223781e+003,LNNGTIELNGILTPKAEVLTK(15)-SSSSKPQK(5),Cross-Linked,BS3,3.223778e+003,null,9.494182e-007,4.637279e-002,0.002716,0.842490,Spc98-yeast(698)-Spc98-yeast(709)/,Intra-Protein,1,1,87.0,10.0,3.344095e-016,2.847745e-006
103,Q_2013_1010_RJ_07.17905.17905.5,5,2.562498e+003,SSSSKPQKHAIEK(8)-TGILLKVVR(6),Cross-Linked,BS3,2.562498e+003,null,2.509853e-004,5.154838e-002,0.000222,0.086634,Spc98-yeast(712)-Spc97-yeast(355)/,Inter-Protein,1,1,30.0,36.0,2.993691e-004,3.714102e-007
104,Q_2013_1010_RJ_07.25481.25481.3,3,2.298235e+003,ELAYKIFMIGK(5)-SSSSKPQK(5),Cross-Linked,BS3,2.298241e+003,null,1.322485e-005,6.054859e-002,-0.005827,-2.535417,Spc98-yeast(401)-Spc98-yeast(709)/,Intra-Protein,1,1,46.0,21.0,3.287724e-007,1.455307e-005
105,Q_2013_1010_RJ_07.25964.25964.4,4,3.338644e+003,NDNNANYDKLLQNFELER(9)-AMTKLQQR(4),Cross-Linked,BS3,3.338643e+003,Oxidation[M](23),2.491059e-005,6.245725e-002,0.000538,0.161143,Spc97-yeast(460)-His-TEV-Tub4-yeast(370)/Spc97-yeast(460)-His-TEV-Tub4-yeast-random(371)/,Inter-Protein,1,1,51.0,14.0,1.033548e-010,9.444496e-005
106,Q_2013_1010_RJ_07.29012.29012.4,4,3.628800e+003,NDNNANYDKLLQNFELER(9)-FLTKNMGELTK(4),Cross-Linked,BS3,3.628795e+003,null,5.697734e-008,6.527398e-002,0.004823,1.329091,Spc97-yeast(460)-Spc97-yeast(441)/,Intra-Protein,1,1,71.0,29.0,3.903678e-021,2.831390e-007
107,Q_2013_1010_RJ_07.31227.31227.5,5,3.789935e+003,IKFPSWSSSAMHVNIGR(2)-NDGDEELFLLSKSLR(12),Cross-Linked,BS3,3.789927e+003,null,2.267624e-012,6.571772e-002,0.008313,2.193446,His-TEV-Tub4-yeast(376)-Spc98-yeast(843)/His-TEV-Tub4-yeast-random(377)-Spc98-yeast(843)/,Inter-Protein,1,1,63.0,31.0,6.984388e-013,1.998094e-010
108,Q_2013_1010_RJ_07.27362.27362.4,4,3.275735e+003,ADLKNDGDEELFLLSKSLR(16)-AMTKLQQR(4),Cross-Linked,BS3,3.275730e+003,null,4.566056e-010,7.158189e-002,0.004317,1.317874,Spc98-yeast(843)-His-TEV-Tub4-yeast(370)/Spc98-yeast(843)-His-TEV-Tub4-yeast-random(371)/,Inter-Protein,1,1,88.0,16.0,2.154653e-028,2.070522e-010
109,Q_2013_1010_RJ_07.24681.24681.4,4,3.389818e+003,LVNHQPLWSTNPKLK(13)-SFSLEKISAPDQR(6),Cross-Linked,BS3,3.389821e+003,null,2.444064e-005,7.209264e-002,-0.003271,-0.964948,Spc97-yeast(37)-Spc97-yeast(45)/,Intra-Protein,1,1,39.0,45.0,6.601777e-005,2.207372e-010
110,Q_2013_1010_RJ_07.14656.14656.5,5,2.543291e+003,KYHVLYQSNSYR(1)-SSSSKPQK(5),Cross-Linked,BS3,2.543289e+003,null,1.848728e-006,7.275771e-002,0.002170,0.853226,Spc98-yeast(428)-Spc98-yeast(709)/,Intra-Protein,1,1,63.0,21.0,4.757050e-012,2.213527e-006
111,Q_2013_1010_RJ_07.19033.19033.4,4,2.167116e+003,NMGELTKHYR(7)-FIKSMR(3),Cross-Linked,BS3,2.167115e+003,null,6.546134e-005,7.405958e-002,0.001515,0.699086,Spc97-yeast(448)-Spc97-yeast(711)/,Intra-Protein,1,1,56.5,22.5,5.209609e-006,6.917538e-005
112,Q_2013_1010_RJ_07.14660.14660.3,3,2.543285e+003,KYHVLYQSNSYR(1)-SSSSKPQK(5),Cross-Linked,BS3,2.543289e+003,null,3.071331e-007,7.450310e-002,-0.003723,-1.463853,Spc98-yeast(428)-Spc98-yeast(709)/,Intra-Protein,1,1,28.0,4.0,6.958971e-015,1.692356e-006
113,Q_2013_1010_RJ_07.31389.31389.5,5,4.817365e+003,CLINFTQELSTEKFDFYDSSSVDAAGIER(13)-VLHAKMNHFIK(5),Cross-Linked,BS3,4.817359e+003,Carbamidomethyl[C](1),6.640406e-007,8.181487e-002,0.006227,1.292617,Spc97-yeast(790)-Spc97-yeast(635)/,Intra-Protein,1,1,79.0,27.0,2.431576e-021,5.525521e-006
114,Q_2013_1010_RJ_07.17666.17666.4,4,2.578317e+003,TENKSQNQFDLIR(4)-SSSSKPQK(5),Cross-Linked,BS3,2.578311e+003,null,2.359533e-004,8.325891e-002,0.005963,2.312755,Spc98-yeast(674)-Spc98-yeast(709)/,Intra-Protein,1,1,70.0,23.0,5.512464e-013,4.498398e-004
115,Q_2013_1010_RJ_07.13321.13321.4,4,2.225218e+003,AEVLTKSSSSK(6)-LKSFSLEK(2),Cross-Linked,BS3,2.225227e+003,null,4.172680e-003,8.475089e-002,-0.009229,-4.147441,Spc98-yeast(704)-Spc97-yeast(39)/,Inter-Protein,1,1,50.0,12.0,7.582488e-006,1.558176e-002
116,Q_2013_1010_RJ_07.13338.13338.3,3,2.225215e+003,AEVLTKSSSSK(6)-LKSFSLEK(2),Cross-Linked,BS3,2.225227e+003,null,1.815391e-002,8.901675e-002,-0.011953,-5.371586,Spc98-yeast(704)-Spc97-yeast(39)/,Inter-Protein,1,1,55.0,12.0,7.872928e-004,6.415657e-002
117,Q_2013_1010_RJ_07.23147.23147.4,4,2.467258e+003,SFSLEKISAPDQR(6)-KMDPSFK(1),Cross-Linked,BS3,2.467254e+003,null,1.413924e-008,8.981630e-002,0.003923,1.590027,Spc97-yeast(45)-Spc97-yeast(97)/,Intra-Protein,1,1,63.0,27.0,9.989003e-009,1.815130e-008
118,Q_2013_1010_RJ_07.17607.17607.4,4,2.578318e+003,TENKSQNQFDLIR(4)-SSSSKPQK(5),Cross-Linked,BS3,2.578311e+003,null,1.363593e-005,9.535205e-002,0.007089,2.749475,Spc98-yeast(674)-Spc98-yeast(709)/,Intra-Protein,1,1,75.0,20.0,1.018685e-011,1.507837e-004
119,Q_2013_1010_RJ_07.31327.31327.5,5,4.817363e+003,CLINFTQELSTEKFDFYDSSSVDAAGIER(13)-VLHAKMNHFIK(5),Cross-Linked,BS3,4.817359e+003,Carbamidomethyl[C](1),1.885375e-006,1.002446e-001,0.004470,0.927894,Spc97-yeast(790)-Spc97-yeast(635)/,Intra-Protein,1,1,63.0,23.0,2.020436e-017,7.242675e-005
120,Q_2013_1010_RJ_07.26339.26339.5,5,3.595728e+003,NDNNANYDKLLQNFELER(9)-NMGELTKHYR(7),Cross-Linked,BS3,3.595723e+003,null,2.565982e-006,1.144947e-001,0.004273,1.188356,Spc97-yeast(460)-Spc97-yeast(448)/,Intra-Protein,1,1,74.0,20.0,8.917909e-023,3.143034e-006
121,Q_2013_1010_RJ_07.17930.17930.6,6,2.562500e+003,SSSSKPQKHAIEK(8)-TGILLKVVR(6),Cross-Linked,BS3,2.562498e+003,null,1.756834e-003,1.314761e-001,0.002180,0.850732,Spc98-yeast(712)-Spc97-yeast(355)/,Inter-Protein,1,1,28.0,36.0,2.716250e-003,3.774445e-007
122,Q_2013_1010_RJ_07.32165.32165.4,4,4.455153e+003,CLINFTQELSTEKFDFYDSSSVDAAGIER(13)-AMTKLQQR(4),Cross-Linked,BS3,4.455148e+003,Carbamidomethyl[C](1),2.213191e-003,1.769019e-001,0.005083,1.140927,Spc97-yeast(790)-His-TEV-Tub4-yeast(370)/Spc97-yeast(790)-His-TEV-Tub4-yeast-random(371)/,Inter-Protein,1,1,79.0,9.0,7.917001e-017,8.572762e-003
123,Q_2013_1010_RJ_07.27472.27472.4,4,3.275733e+003,ADLKNDGDEELFLLSKSLR(16)-AMTKLQQR(4),Cross-Linked,BS3,3.275730e+003,null,1.348000e-008,1.879814e-001,0.002794,0.852940,Spc98-yeast(843)-His-TEV-Tub4-yeast(370)/Spc98-yeast(843)-His-TEV-Tub4-yeast-random(371)/,Inter-Protein,1,1,30.0,7.0,4.607418e-009,2.657876e-008
124,Q_2013_1010_RJ_07.16452.16452.5,5,3.156634e+003,TENKSQNQFDLIR(4)-SSSSKPQKHAIEK(8),Cross-Linked,BS3,3.156628e+003,null,2.843776e-003,1.978399e-001,0.005592,1.771510,Spc98-yeast(674)-Spc98-yeast(712)/,Intra-Protein,1,1,52.0,27.0,1.294663e-009,3.579356e-003
125,Q_2013_1010_RJ_07.25587.25587.4,4,2.436233e+003,DCDSEEDKNLLFK(8)-AKIVQK(2),Cross-Linked,BS3,2.436233e+003,Carbamidomethyl[C](2),2.303253e-001,2.017585e-001,0.000349,0.143254,Spc97-yeast(341)-Spc98-yeast(103)/,Inter-Protein,1,1,15.0,5.0,1.876073e-004,1.000000e+000
126,Q_2013_1010_RJ_07.29144.29144.4,4,4.039978e+003,YFNDYEPSDPETPIEFKIAKK(17)-MDPSFKTFSRR(6),Cross-Linked,BS3,4.039978e+003,null,2.319496e-002,2.397374e-001,-0.000280,-0.069307,Spc97-yeast(93)-Spc97-yeast(103)/,Intra-Protein,1,1,45.0,9.0,7.713758e-016,7.990549e-002
127,Q_2013_1010_RJ_07.15497.15497.4,4,2.602418e+003,AEVLTKSSSSKPQK(6)-AMTKLQQR(4),Cross-Linked,BS3,2.602423e+003,null,1.195253e-005,2.421570e-001,-0.004964,-1.907453,Spc98-yeast(704)-His-TEV-Tub4-yeast(370)/Spc98-yeast(704)-His-TEV-Tub4-yeast-random(371)/,Inter-Protein,1,1,29.5,24.5,1.176151e-006,2.257915e-005
128,Q_2013_1010_RJ_07.13369.13369.4,4,2.225218e+003,AEVLTKSSSSK(6)-LKSFSLEK(2),Cross-Linked,BS3,2.225227e+003,null,6.631306e-002,2.779862e-001,-0.009229,-4.147441,Spc98-yeast(704)-Spc97-yeast(39)/,Inter-Protein,1,1,35.0,10.0,4.023060e-004,2.954390e-001
129,Q_2013_1010_RJ_07.28684.28684.3,3,1.964053e+003,DIINKLSR(5)-KMDPSFK(1),Cross-Linked,BS3,1.964052e+003,Oxidation[M](13),1.941348e-001,3.041921e-001,0.000855,0.435325,Spc98-yeast(630)-Spc97-yeast(97)/,Inter-Protein,1,1,33.0,17.0,1.419432e-002,7.785281e-001
130,Q_2013_1010_RJ_07.27904.27904.4,4,3.771786e+003,YFNDYEPSDPETPIEFKIAK(17)-MDPSFKTFSR(6),Cross-Linked,BS3,3.771777e+003,Oxidation[M](24),6.440611e-010,3.479982e-001,0.008445,2.238998,Spc97-yeast(93)-Spc97-yeast(103)/,Intra-Protein,1,1,51.0,32.0,3.240158e-012,1.805189e-008
131,Q_2013_1010_RJ_07.29085.29085.4,4,4.039978e+003,YFNDYEPSDPETPIEFKIAK(17)-KMDPSFKTFSRR(1),Cross-Linked,BS3,4.039978e+003,null,4.061032e-001,3.718118e-001,-0.000280,-0.069307,Spc97-yeast(93)-Spc97-yeast(97)/,Intra-Protein,1,1,35.0,2.0,6.101310e-011,1.000000e+000
132,Q_2013_1010_RJ_07.25182.25182.4,4,2.563378e+003,IFQQKILENLGDR(5)-KMDPSFK(1),Cross-Linked,BS3,2.563359e+003,null,4.602698e-003,3.746904e-001,0.019419,7.575608,Spc97-yeast(254)-Spc97-yeast(97)/,Intra-Protein,1,1,24.0,12.0,1.776994e-004,1.478249e-002
133,Q_2013_1010_RJ_07.27331.27331.3,3,3.275735e+003,ADLKNDGDEELFLLSKSLR(16)-AMTKLQQR(4),Cross-Linked,BS3,3.275730e+003,null,4.268204e-008,3.769080e-001,0.004684,1.429910,Spc98-yeast(843)-His-TEV-Tub4-yeast(370)/Spc98-yeast(843)-His-TEV-Tub4-yeast-random(371)/,Inter-Protein,1,1,63.0,8.0,9.331580e-012,5.313482e-007
134,Q_2013_1010_RJ_07.14744.14744.3,3,2.543275e+003,KYHVLYQSNSYR(1)-SSSSKPQK(5),Cross-Linked,BS3,2.543289e+003,null,2.523073e-006,4.154512e-001,-0.013314,-5.234954,Spc98-yeast(428)-Spc98-yeast(709)/,Intra-Protein,1,1,18.0,4.0,3.737947e-007,2.703778e-007
135,Q_2013_1010_RJ_07.32845.32845.4,4,4.085018e+003,NDNNANYDKLLQNFELER(9)-FLTKNMGELTKHYR(11),Cross-Linked,BS3,4.085018e+003,null,3.341609e-001,5.250413e-001,-0.000181,-0.044308,Spc97-yeast(460)-Spc97-yeast(448)/,Intra-Protein,1,1,52.0,5.0,2.695080e-015,1.000000e+000
136,Q_2013_1010_RJ_07.19480.19480.4,4,1.965026e+003,AMTKLQQR(4)-KMDPSFK(1),Cross-Linked,BS3,1.965030e+003,null,1.140696e-001,5.956521e-001,-0.003288,-1.673257,His-TEV-Tub4-yeast(370)-Spc97-yeast(97)/His-TEV-Tub4-yeast-random(371)-Spc97-yeast(97)/,Inter-Protein,1,1,43.0,19.0,1.101992e-003,3.951461e-001
137,Q_2013_1010_RJ_07.16355.16355.3,3,3.156625e+003,TENKSQNQFDLIR(4)-SSSSKPQKHAIEK(8),Cross-Linked,BS3,3.156628e+003,null,3.327163e-005,6.347639e-001,-0.002784,-0.881954,Spc98-yeast(674)-Spc98-yeast(712)/,Intra-Protein,1,1,17.0,11.0,6.332701e-007,5.948095e-005
138,Q_2013_1010_RJ_07.26635.26635.5,5,4.301238e+003,IVQKSSGLNMENLANHEHLLSPVR(4)-SFSLEKISAPDQR(6),Cross-Linked,BS3,4.301234e+003,null,4.115970e-002,7.346608e-001,0.003516,0.817440,Spc98-yeast(107)-Spc97-yeast(45)/,Inter-Protein,1,1,15.0,22.0,1.297849e-001,5.136154e-004
139,Q_2013_1010_RJ_07.25399.25399.4,4,2.920538e+003,KILTTYSVFPAR(1)-MDPSFKTFSRR(6),Cross-Linked,BS3,2.920539e+003,Oxidation[M](16),1.000000e+000,7.959806e-001,-0.000655,-0.224274,His-TEV-Tub4-yeast(198)-Spc97-yeast(103)/His-TEV-Tub4-yeast-random(199)-Spc97-yeast(103)/,Inter-Protein,1,1,37.0,2.0,3.760441e-012,1.000000e+000
140,Q_2013_1010_RJ_07.19416.19416.4,4,1.965018e+003,AMTKLQQR(4)-KMDPSFK(1),Cross-Linked,BS3,1.965030e+003,null,1.117047e-001,8.144880e-001,-0.011351,-5.776504,His-TEV-Tub4-yeast(370)-Spc97-yeast(97)/His-TEV-Tub4-yeast-random(371)-Spc97-yeast(97)/,Inter-Protein,1,1,41.0,13.0,3.609313e-004,3.380228e-001
141,Q_2013_1010_RJ_07.24936.24936.4,4,2.935578e+003,SFSLEKISAPDQRR(6)-IAKKMDPSFK(3),Cross-Linked,BS3,2.935571e+003,null,7.289913e-004,7.335580e-001,0.007321,2.493893,Spc97-yeast(45)-Spc97-yeast(96)/,Intra-Protein,1,1,38.0,19.0,1.346365e-003,1.279600e-003
142,Q_2013_1010_RJ_07.23448.23448.5,5,4.033971e+003,EHAIGTDGLSQLPDSSTERDDDTKPFFR(24)-NKFTPR(2),Cross-Linked,BS3,4.033952e+003,null,1.779354e-003,7.563387e-001,0.018450,4.573678,His-TEV-Tub4-yeast(84)-His-TEV-Tub4-yeast(94)/His-TEV-Tub4-yeast(84)-His-TEV-Tub4-yeast-random(95)/His-TEV-Tub4-yeast-random(85)-His-TEV-Tub4-yeast(94)/His-TEV-Tub4-yeast-random(85)-His-TEV-Tub4-yeast-random(95)/,Intra-Protein,1,1,52.0,8.0,1.340210e-009,1.142239e-002
